{"cameraMode":{"drawMode":0,"name":"Shaded","section":"Shading Mode"},"sceneLighting":false,"audioPlay":false,"sceneViewState":{"showFog":true,"showMaterialUpdate":false,"showSkybox":false,"showFlares":true,"showImageEffects":true,"showParticleSystems":true},"in2DMode":false,"pivot":{"x":-21.231826782226564,"y":4.29121208190918,"z":13.593374252319336},"rotation":{"x":0.15127788484096528,"y":0.1605759710073471,"z":-0.024910515174269677,"w":0.9751917123794556},"size":25.10283088684082,"orthographic":false}