{"cameraMode":{"drawMode":0,"name":"Shaded","section":"Shading Mode"},"sceneLighting":false,"audioPlay":false,"sceneViewState":{"showFog":true,"showMaterialUpdate":false,"showSkybox":false,"showFlares":true,"showImageEffects":true,"showParticleSystems":true},"in2DMode":false,"pivot":{"x":0.000023640552171855234,"y":0.000015617857570759952,"z":-0.0000027605965442489834},"rotation":{"x":0.15127788484096528,"y":0.1605759710073471,"z":-0.024910515174269677,"w":0.9751917123794556},"size":0.000017320508050033823,"orthographic":false}