{"cameraMode":{"drawMode":0,"name":"Shaded","section":"Shading Mode"},"sceneLighting":false,"audioPlay":false,"sceneViewState":{"showFog":true,"showMaterialUpdate":false,"showSkybox":false,"showFlares":true,"showImageEffects":true,"showParticleSystems":true},"in2DMode":false,"pivot":{"x":-0.17095589637756349,"y":3.7072176933288576,"z":10.44495964050293},"rotation":{"x":0.15127788484096528,"y":0.1605759710073471,"z":-0.024910515174269677,"w":0.9751917123794556},"size":3.739077091217041,"orthographic":false}