{"cameraMode":{"drawMode":0,"name":"Shaded","section":"Shading Mode"},"sceneLighting":false,"audioPlay":false,"sceneViewState":{"showFog":true,"showMaterialUpdate":false,"showSkybox":false,"showFlares":true,"showImageEffects":true,"showParticleSystems":true},"in2DMode":false,"pivot":{"x":-2.343454360961914,"y":0.28503942489624026,"z":9.47867202758789},"rotation":{"x":0.15127788484096528,"y":0.1605759710073471,"z":-0.024910515174269677,"w":0.9751917123794556},"size":10.358369827270508,"orthographic":false}