{"cameraMode":{"drawMode":0,"name":"Shaded","section":"Shading Mode"},"sceneLighting":false,"audioPlay":false,"sceneViewState":{"showFog":true,"showMaterialUpdate":false,"showSkybox":true,"showFlares":true,"showImageEffects":true,"showParticleSystems":true},"in2DMode":false,"pivot":{"x":-0.019275754690170289,"y":1.3240450620651246,"z":0.0025987625122070314},"rotation":{"x":0.02140842005610466,"y":0.9697070717811585,"z":-0.09130434691905976,"w":0.22651390731334687},"size":2.1669538021087648,"orthographic":false}