{"cameraMode":{"drawMode":0,"name":"Shaded","section":"Shading Mode"},"sceneLighting":false,"audioPlay":false,"sceneViewState":{"showFog":true,"showMaterialUpdate":false,"showSkybox":false,"showFlares":true,"showImageEffects":true,"showParticleSystems":true},"in2DMode":false,"pivot":{"x":40.4176025390625,"y":4.445954322814941,"z":46.867408752441409},"rotation":{"x":-0.003921856172382832,"y":0.9712060689926148,"z":-0.23767036199569703,"w":-0.016026271507143976},"size":2.805488348007202,"orthographic":false}