{"cameraMode":{"drawMode":0,"name":"Shaded","section":"Shading Mode"},"sceneLighting":false,"audioPlay":false,"sceneViewState":{"showFog":true,"showMaterialUpdate":false,"showSkybox":false,"showFlares":true,"showImageEffects":true,"showParticleSystems":true},"in2DMode":false,"pivot":{"x":-31.416118621826173,"y":3.9997148513793947,"z":8.804960250854493},"rotation":{"x":0.15127788484096528,"y":0.1605759710073471,"z":-0.024910515174269677,"w":0.9751917123794556},"size":1.8833904266357422,"orthographic":false}